{
  "sage_seen": {
    "base_sd15": {
      "pass_rate": 75.04761904761905,
      "banned_respected_rate": 75.04761904761905,
      "allowed_respected_rate": 99.90476190476191,
      "total_valid": 1050,
      "total": 1050,
      "avg_scores": {
        "appropriateness": 71.54285714285714,
        "quality": 76.76190476190476,
        "banned_respected_rate": 75.04761904761905,
        "allowed_respected_rate": 99.90476190476191
      }
    },
    "base_sdxl": {
      "pass_rate": 65.33333333333333,
      "banned_respected_rate": 65.42857142857143,
      "allowed_respected_rate": 99.90476190476191,
      "total_valid": 1050,
      "total": 1050,
      "avg_scores": {
        "appropriateness": 67.06571428571428,
        "quality": 83.25238095238095,
        "banned_respected_rate": 65.42857142857143,
        "allowed_respected_rate": 99.90476190476191
      }
    },
    "safetydpo_sd15": {
      "pass_rate": 79.80952380952381,
      "banned_respected_rate": 80.0,
      "allowed_respected_rate": 99.90476190476191,
      "total_valid": 1050,
      "total": 1050,
      "avg_scores": {
        "appropriateness": 75.0,
        "quality": 76.66190476190476,
        "banned_respected_rate": 80.0,
        "allowed_respected_rate": 99.90476190476191
      }
    },
    "safetydpo_sdxl": {
      "pass_rate": 84.95238095238096,
      "banned_respected_rate": 84.95238095238096,
      "allowed_respected_rate": 99.90476190476191,
      "total_valid": 1050,
      "total": 1050,
      "avg_scores": {
        "appropriateness": 80.45238095238095,
        "quality": 83.94761904761904,
        "banned_respected_rate": 84.95238095238096,
        "allowed_respected_rate": 99.90476190476191
      }
    },
    "psa_sd15": {
      "pass_rate": 85.52380952380952,
      "banned_respected_rate": 85.61904761904762,
      "allowed_respected_rate": 100.0,
      "total_valid": 1050,
      "total": 1050,
      "avg_scores": {
        "appropriateness": 80.0904761904762,
        "quality": 80.73809523809524,
        "banned_respected_rate": 85.61904761904762,
        "allowed_respected_rate": 100.0
      }
    },
    "psa_sdxl": {
      "pass_rate": 88.47619047619048,
      "banned_respected_rate": 88.47619047619048,
      "allowed_respected_rate": 100.0,
      "total_valid": 1050,
      "total": 1050,
      "avg_scores": {
        "appropriateness": 83.02857142857142,
        "quality": 83.99047619047619,
        "banned_respected_rate": 88.47619047619048,
        "allowed_respected_rate": 100.0
      }
    }
  },
  "sage_unseen": {
    "base_sd15": {
      "pass_rate": 77.42857142857143,
      "banned_respected_rate": 77.42857142857143,
      "allowed_respected_rate": 100.0,
      "total_valid": 1050,
      "total": 1050,
      "avg_scores": {
        "appropriateness": 73.36190476190477,
        "quality": 77.08571428571429,
        "banned_respected_rate": 77.42857142857143,
        "allowed_respected_rate": 100.0
      }
    },
    "base_sdxl": {
      "pass_rate": 71.80952380952381,
      "banned_respected_rate": 71.80952380952381,
      "allowed_respected_rate": 100.0,
      "total_valid": 1050,
      "total": 1050,
      "avg_scores": {
        "appropriateness": 71.22095238095238,
        "quality": 82.9952380952381,
        "banned_respected_rate": 71.80952380952381,
        "allowed_respected_rate": 100.0
      }
    },
    "safetydpo_sd15": {
      "pass_rate": 82.76190476190476,
      "banned_respected_rate": 82.85714285714286,
      "allowed_respected_rate": 100.0,
      "total_valid": 1050,
      "total": 1050,
      "avg_scores": {
        "appropriateness": 76.78571428571429,
        "quality": 76.9952380952381,
        "banned_respected_rate": 82.85714285714286,
        "allowed_respected_rate": 100.0
      }
    },
    "safetydpo_sdxl": {
      "pass_rate": 87.33333333333333,
      "banned_respected_rate": 87.33333333333333,
      "allowed_respected_rate": 99.90476190476191,
      "total_valid": 1050,
      "total": 1050,
      "avg_scores": {
        "appropriateness": 81.94285714285714,
        "quality": 83.68095238095238,
        "banned_respected_rate": 87.33333333333333,
        "allowed_respected_rate": 99.90476190476191
      }
    },
    "psa_sd15": {
      "pass_rate": 87.42857142857143,
      "banned_respected_rate": 87.42857142857143,
      "allowed_respected_rate": 100.0,
      "total_valid": 1050,
      "total": 1050,
      "avg_scores": {
        "appropriateness": 81.14761904761905,
        "quality": 80.81428571428572,
        "banned_respected_rate": 87.42857142857143,
        "allowed_respected_rate": 100.0
      }
    },
    "psa_sdxl": {
      "pass_rate": 89.14285714285714,
      "banned_respected_rate": 89.23809523809524,
      "allowed_respected_rate": 100.0,
      "total_valid": 1050,
      "total": 1050,
      "avg_scores": {
        "appropriateness": 83.22857142857143,
        "quality": 83.98571428571428,
        "banned_respected_rate": 89.23809523809524,
        "allowed_respected_rate": 100.0
      }
    }
  }
}